id,kind,record_type,title,primary_theme,tags,layers,privacy_level,status,source_path,source_consult_id,record_path
consult-202211-career-vs-grad-school-family-opinion,02-normalized,qa_thread,考研、工作和家人意见之间的摇摆,学历提升和考研,"考研, 找工作, 家庭压力, 自我边界, 女性处境","content, service, connection",anonymized,normalized,问答咨询/202211.md,,02-normalized/consult-202211-career-vs-grad-school-family-opinion.md
consult-202211-miu-java-esl-fees,02-normalized,qa_thread,4年Java经验者询问MIU ESL和学费缴纳细节,出国读书和海外求职,"Java, 美国硕士, 英语, 学费, MIU",content,anonymized,normalized,问答咨询/202211.md,,02-normalized/consult-202211-miu-java-esl-fees.md
consult-202211-small-city-work-study,02-normalized,qa_thread,小城市女生在工作、考研和离开家乡之间纠结,小城市女性职业起步,"小城市, 大城市, 找工作, 考研, 家庭压力, 女性处境","content, service, connection",anonymized,normalized,问答咨询/202211.md,,02-normalized/consult-202211-small-city-work-study.md
consult-202211-wechat-boundary,02-normalized,qa_thread,回应老读者加微信请求时的私域边界,私域沟通边界,"加微信, 边界, 私域",content,anonymized,normalized,问答咨询/202211.md,,02-normalized/consult-202211-wechat-boundary.md
consult-202301-selfstudy-degree-miu-application,02-normalized,qa_thread,自考本科有毕业证无学位证，能否申请美国项目,出国读书和海外求职,"自考, 学位证, 美国硕士, 成绩单",content,anonymized,normalized,问答咨询/202301.md,,02-normalized/consult-202301-selfstudy-degree-miu-application.md
consult-202302-art-student-overseas-undergrad-plan,02-normalized,qa_thread,艺术类专科生想出国，但语言、护照和资金未准备好,出国读书和海外求职,"艺术, 自媒体, 出国, 本科, 家庭创伤","content, service",private,normalized,问答咨询/202302.md,,02-normalized/consult-202302-art-student-overseas-undergrad-plan.md
consult-202303-selfstudy-cs-gradschool-work,02-normalized,qa_thread,自考生考研二战失败后，在工作、三战和港澳新申请之间迷茫,学历提升和考研,"自考, 考研, 计算机, 港澳新, 找工作","content, service",anonymized,normalized,问答咨询/202303.md,,02-normalized/consult-202303-selfstudy-cs-gradschool-work.md
consult-202306-seven-years-dev-us-miu-risk,02-normalized,qa_thread,7年软件开发经验者担心美国就业和H1B风险,出国读书和海外求职,"软件开发, 美国硕士, H1B, 英语, 就业市场","content, service",anonymized,normalized,问答咨询/202306.md,,02-normalized/consult-202306-seven-years-dev-us-miu-risk.md
consult-202311-age53-us-study-programmer,02-normalized,qa_thread,53岁英语教师想去美国再学习并尝试程序员工作,出国读书和海外求职,"大龄转型, 美国硕士, 编程, 英语, 教师","content, service",anonymized,normalized,问答咨询/202311.md,,02-normalized/consult-202311-age53-us-study-programmer.md
consult-202312-985-cs-silicon-valley-route,02-normalized,qa_thread,985计算机大一学生想规划硅谷工作路线,出国读书和海外求职,"985, 计算机, 硅谷, H1B, 美国硕士, 实习",content,anonymized,normalized,问答咨询/985大一想润.md,,02-normalized/consult-202312-985-cs-silicon-valley-route.md
consult-202312-age35-compliance-to-us-coder,02-normalized,qa_thread,35岁合规调查从业者想学代码，以码农身份和家人去美国,文科转码,"35岁, 转码, Python, 美国, 家庭, 阶段目标","content, service",private,normalized,问答咨询/202312.md,,02-normalized/consult-202312-age35-compliance-to-us-coder.md
consult-202312-art-tech-python-start,02-normalized,qa_thread,艺术科技创作者从零学习编程，是否可以从Python开始,AI学习和AI教育,"艺术科技, Python, 编程入门, 文科",content,anonymized,normalized,问答咨询/202312.md,,02-normalized/consult-202312-art-tech-python-start.md
consult-202312-hk-student-cs-degree-choice,02-normalized,qa_thread,香港软工专科生在港校本科和在线硕士规划之间选择,学历提升和考研,"香港, CS, 本科, 在线硕士, UIUC, 学校选择","content, service",anonymized,normalized,问答咨询/港大学生小刘.md,,02-normalized/consult-202312-hk-student-cs-degree-choice.md
consult-202312-law-to-cs-overseas-normalized,02-normalized,qa_thread,普通一本法学大三想转计算机并出国求职,文科转码,"法学, 转码, 出国, 女性处境, 考公考研","content, service",anonymized,normalized,问答咨询/一本法学专业大三想转码出国.md,,02-normalized/consult-202312-law-to-cs-overseas-normalized.md
consult-202312-liberal-arts-python-bootcamp,02-normalized,qa_thread,文科生转编程：如何判断兴趣、学习计划、培训班和社交资源,文科转码,"文科转码, Python, Java, 培训班, 社交, 实践","content, service",anonymized,normalized,问答咨询/202312.md,,02-normalized/consult-202312-liberal-arts-python-bootcamp.md
consult-20240823-siji-japan-qa-day1cpt,02-normalized,coaching_session,专科培训背景测试工程师在日本工作，探索Day 1 CPT和海外路径,出国读书和海外求职,"日本, 软件测试, Day1CPT, 英语, 专科","content, service, connection",private,normalized,一对一咨询/2024年8月/1-王林银.md,,02-normalized/consult-20240823-siji-japan-qa-day1cpt.md
consult-20240826-liuzhilong-dba-remote-grad,02-normalized,coaching_session,成都DBA远程研究生，积极上进但需求不够清晰,早期职业迷茫,"DBA, 成都, 远程研究生, 工程管理, 学习心态",service,private,normalized,一对一咨询/2024年8月/2-刘智龙.md,,02-normalized/consult-20240826-liuzhilong-dba-remote-grad.md
consult-20240830-chenxiaonian-northamerica-introvert-tl,02-normalized,coaching_session,深圳外企AI软件开发TL想切换到北美，但担心资金、英语和社交适应,出国读书和海外求职,"北美, AI, 软件开发, team_lead, 内向, 房贷","content, service, connection",private,normalized,一对一咨询/2024年8月/3-陈晓念.md,,02-normalized/consult-20240830-chenxiaonian-northamerica-introvert-tl.md
consult-20240906-mia-us-cs-work-growth,02-normalized,coaching_session,文科会计背景在美国转CS后，想提升工作能力和英语,文科转码,"美国, CS, 文科转码, 英语口语, bootcamp, ICC","content, service, connection",private,normalized,一对一咨询/2024年9月/4-Mia.md,,02-normalized/consult-20240906-mia-us-cs-work-growth.md
consult-20240907-wangkaichang-iqc-film-dream-introvert,02-normalized,coaching_session,惠州IQC内向男生想靠近影视剪辑梦想，但热情被现实磨损,家庭影响和自我边界,"内向, 影视, 剪辑, 亲密关系, 社交","content, service",private,normalized,一对一咨询/2024年9月/5-王开昌.md,,02-normalized/consult-20240907-wangkaichang-iqc-film-dream-introvert.md
consult-20240911-k-gpu-master-job-balance,02-normalized,coaching_session,北京GPU相关硕士担心开源代码看不懂和找不到工作,早期职业迷茫,"硕士, GPU, 开源代码, 找工作, 工作生活平衡","content, service",private,normalized,一对一咨询/2024年9月/6-K.md,,02-normalized/consult-20240911-k-gpu-master-job-balance.md
consult-20240914-alex-young-english-cs-family,02-normalized,coaching_session,20岁中专女生想学英语、探索计算机，也想往外走,家庭影响和自我边界,"年轻女性, 英语, 计算机, 中专, 家暴, 抑郁","content, service, connection",private,normalized,一对一咨询/2024年9月/7-Alex.md,,02-normalized/consult-20240914-alex-young-english-cs-family.md
consult-20240916-chengderong-rural-dev-writing-overseas,02-normalized,coaching_session,农村小县城出身后端开发者，想提升写作、英语和未来留学准备,早期职业迷茫,"后端开发, 自考, 农村, 写作, 英语, 留学","content, service, connection",private,normalized,一对一咨询/2024年9月/8-成得荣.md,,02-normalized/consult-20240916-chengderong-rural-dev-writing-overseas.md
consult-20240920-kami-ew3-cs-path,02-normalized,coaching_session,海外工作经历者已申请EW3，想判断CS转行和美国工作可能,出国读书和海外求职,"EW3, 海外工作, CS, 德国, 英语, 子女教育","content, service, connection",private,normalized,一对一咨询/2024年9月/9-咖眯.md,,02-normalized/consult-20240920-kami-ew3-cs-path.md
consult-20240928-agan-la-delivery-cs-mentor,02-normalized,coaching_session,在洛杉矶送外卖的Java背景咨询者想转程序员并寻找mentor,出国读书和海外求职,"美国, 洛杉矶, Java, 英语, mentor, 外卖","service, connection",private,normalized,一对一咨询/2024年9月/10-阿甘.md,,02-normalized/consult-20240928-agan-la-delivery-cs-mentor.md
consult-20240928-kerwin-first-overseas-study,02-normalized,coaching_session,初中毕业、自考本科中的技术从业者想出国留学,出国读书和海外求职,"初中毕业, 自考本科, 蚂蚁, 出国留学, 软件编程","content, service, connection",private,normalized,一对一咨询/2024年9月/11-Kerwin.md,,02-normalized/consult-20240928-kerwin-first-overseas-study.md
consult-20241007-shenhaiyu-underwear-pattern-maker-growth,02-normalized,coaching_session,潮汕女孩从服装厂流水线到内衣板师，稳定后想做得更好,早期职业迷茫,"女性处境, 潮汕, 服装, 内衣板师, 副业, 自卑","content, service, connection",private,normalized,一对一咨询/2024年10月/12-深海鱼.md,,02-normalized/consult-20241007-shenhaiyu-underwear-pattern-maker-growth.md
consult-20241018-yyyjjjsss-remote-dev-age35-plan,02-normalized,coaching_session,30岁Java开发担心35岁危机，想规划国外远程工作和多收入支线,早期职业迷茫,"Java, 年龄焦虑, 国外远程, 雅思, 副业, 退休规划","content, service, connection",private,normalized,一对一咨询/2024年10月/13-yyyjjjsss.md,,02-normalized/consult-20241018-yyyjjjsss-remote-dev-age35-plan.md
consult-20241028-qinghe-factory-doudian-programming-dream,02-normalized,coaching_session,有冲劲的咨询者想先打工攒钱，再学抖店、编程、英语和出国,早期职业迷茫,"工厂, 抖店, 编程, 英语, 出国, 梦想","content, service",private,normalized,一对一咨询/2024年10月/14-QINGHE20210418.md,,02-normalized/consult-20241028-qinghe-factory-doudian-programming-dream.md
consult-20250329-yangfan-ai-education-collaboration,02-normalized,collaboration,AI教育项目合作邀约与role model定位,商业合作和项目邀约,"AI, 教育, 合作邀约, role_model, 主动性",service,private,normalized,一对一咨询/20250329210011-转写_杨帆.txt,,02-normalized/consult-20250329-yangfan-ai-education-collaboration.md
consult-20250811-zhaogaoming-programming-english-action,02-normalized,consult_call,想学习编程和英语，但更需要行动驱动和连接,早期职业迷茫,"编程, 英语, 行动力, 社交, 个人成长","content, service, connection",private,normalized,一对一咨询/20250811122912-转写_赵高明 _ 孙玲.txt,,02-normalized/consult-20250811-zhaogaoming-programming-english-action.md
consult-20250820-silver-self-belief-creator-path,02-normalized,consult_call,21岁探索者在自我怀疑和创作路径中寻找力量,家庭影响和自我边界,"年轻女性, 自我怀疑, 留学, 创作, 家庭关系, 现金流","content, service, connection",private,normalized,一对一咨询/20250820122553-SIlver _ 孙玲.txt,,02-normalized/consult-20250820-silver-self-belief-creator-path.md
consult-20250828-amy-sweden-career-ai-regulation,02-normalized,consult_call,瑞典文科博士在教师路径和AI regulation之间重建职业,出国读书和海外求职,"瑞典, 文科, 教师, AI, 职业重建, 生育选择","content, service",private,normalized,一对一咨询/20250828120647-转写_Amy _ Ling.txt,,02-normalized/consult-20250828-amy-sweden-career-ai-regulation.md
consult-20250829-lil-burnout-newyork-life-direction,02-normalized,consult_call,从纽约到回国再到倦怠：长期折腾后如何重新选择,家庭影响和自我边界,"倦怠, 纽约, 教育, 自我比较, H1B, 回国","content, service, connection",private,normalized,一对一咨询/20250829115713-转写_Lil _ Ling.txt,,02-normalized/consult-20250829-lil-burnout-newyork-life-direction.md
consult-20250831-gongbaojiding-offer-choice,02-normalized,consult_call,初中毕业到软件测试：在甲方正编和英文环境外包之间选offer,早期职业迷茫,"软件测试, offer选择, 英语, 低学历, 出国, 加班","content, service, connection",private,normalized,一对一咨询/20250831205315-转写_Nsar-ns _ Ling.txt,,02-normalized/consult-20250831-gongbaojiding-offer-choice.md
consult-20250918-seven-midcareer-grief-career,02-normalized,consult_call,38岁品牌/会展从业者在哀伤、考研和职业重建中寻找方向,早期职业迷茫,"大龄职业转型, 哀伤, 心理学, 数据分析, 大厂, 事业单位","content, service, connection",private,normalized,一对一咨询/20250918140527-孙玲的个人会议室.txt,,02-normalized/consult-20250918-seven-midcareer-grief-career.md
consult-20250920-wzyan-programming-overseas-uncertainty,02-normalized,consult_call,29岁大专成人本科，辞职后想学编程和出国但不确定适不适合,文科转码,"大专, 成人本科, 编程, 出国, 迷茫, 广州","content, service",private,normalized,一对一咨询/20250920070005-转写_wzyan _ lingsun.txt,,02-normalized/consult-20250920-wzyan-programming-overseas-uncertainty.md
consult-20250921-zhaoyan-debt-overseas-work,02-normalized,consult_call,Java后端背负债务压力，想通过出国工作快速改善收入,出国读书和海外求职,"Java, 债务, 海外工作, 美国, 签证, 工作不稳定",service,private,normalized,一对一咨询/20250922115717-转写_wx_123_888 _ ling.txt,,02-normalized/consult-20250921-zhaoyan-debt-overseas-work.md
consult-20250923-siji-japan-ireland-language-school,02-normalized,consult_call,日本QA想去爱尔兰语言学校，追求英语、身份和更有尊严的生活,出国读书和海外求职,"日本, 爱尔兰, QA, 英语, 语言学校, 借钱, 身份","content, service",private,normalized,一对一咨询/20250923115513-转写_王林银 _ 孙玲.txt,,02-normalized/consult-20250923-siji-japan-ireland-language-school.md
consult-20250925-gongbaojiding-english-followup,02-normalized,consult_call,入职英文环境一个月后，如何提升英语和从QA走向更大可能,早期职业迷茫,"软件测试, 英语, QA, 测试开发, 美国留学, 职场成长","content, service, connection",private,normalized,一对一咨询/20250925120015-转写_龚保鸡丁.txt,,02-normalized/consult-20250925-gongbaojiding-english-followup.md
consult-20260208-huangzeming-self-study-degree-planning,02-normalized,consult_call,自考大专剩两科，想拆小目标完成学历并规划出国/艺术学校,学历提升和考研,"自考, 学历, 学习方法, 艺术学校, 出国, AI学习","content, service",private,normalized,一对一咨询/20260208130029-转写_黄泽明.txt,,02-normalized/consult-20260208-huangzeming-self-study-degree-planning.md
consult-20260308-kerwin-us-master-cloud-computing,02-normalized,consult_call,云计算从业者想申请美国硕士，突破非全日制学历和年龄焦虑,出国读书和海外求职,"云计算, 美国硕士, 非全日制学历, 英语, 大厂, 年龄焦虑","content, service, connection",private,normalized,一对一咨询/20260308125902-转写_Kerwin-转写智能优化版-1.txt,,02-normalized/consult-20260308-kerwin-us-master-cloud-computing.md
consult-20260610-tonylu-civil-eng-us-cs-transition,02-normalized,qa_thread,UCL土木硕士咨询美国转码与在线硕士路径,出国读书和海外求职,"转码, 在线硕士, 美国硕士, 英国硕士, 土木, 职业转型","content, service",private,normalized,一对一咨询/20260610-gmail-tonylu-transition-inquiry.md,,02-normalized/consult-20260610-tonylu-civil-eng-us-cs-transition.md
consult-20260611-cornelia-robotics-ai-transition,02-normalized,qa_thread,大专女生咨询AI机器人转行、职业选择与内部评价系统,早期职业迷茫,"职业转型, 行动力, 自我怀疑, 年轻女性, AI, 找工作","content, service, connection",private,normalized,一对一咨询/20260611-wechat-cornelia-cavendish-inquiry.md,,02-normalized/consult-20260611-cornelia-robotics-ai-transition.md
issue-20260606-age-anxiety-overseas-study,03-issue-units,,年龄焦虑和35岁风险下，要不要用海外读书换一条路,出国读书和海外求职,"年龄焦虑, 35岁, 美国硕士, 职业转型, 海外求职","content, service",anonymized,split,问答咨询/202311.md,consult-202311-age53-us-study-programmer,03-issue-units/issue-20260606-age-anxiety-overseas-study.md
issue-20260606-age35-remote-side-income,03-issue-units,,如何把35岁焦虑变成远程工作和副业假设验证,早期职业迷茫,"35岁, 年龄焦虑, 国外远程, 副业, 英语","content, service, connection",private,split,一对一咨询/2024年10月/13-yyyjjjsss.md,consult-20241018-yyyjjjsss-remote-dev-age35-plan,03-issue-units/issue-20260606-age35-remote-side-income.md
issue-20260606-artist-learn-python-for-creative-work,03-issue-units,,艺术科技创作者从零学编程，是否可以从 Python 开始,AI学习和AI教育,"艺术科技, Python, 编程入门, 文科, creative coding",content,anonymized,split,问答咨询/202312.md,consult-202312-art-tech-python-start,03-issue-units/issue-20260606-artist-learn-python-for-creative-work.md
issue-20260606-ask-vs-create-information,03-issue-units,,哪些问题该问人，哪些信息要自己创造机会获得,早期职业迷茫,"主动性, 写作, 英语, 留学, 信息收集","content, service, connection",anonymized,split,一对一咨询/2024年9月/8-成得荣.md,consult-20240916-chengderong-rural-dev-writing-overseas,03-issue-units/issue-20260606-ask-vs-create-information.md
issue-20260606-big-dream-first-step,03-issue-units,,目标很大但路径很散，怎么拆出第一步,早期职业迷茫,"工厂, 抖店, 编程, 英语, 目标拆解","content, service",private,split,一对一咨询/2024年10月/14-QINGHE20210418.md,consult-20241028-qinghe-factory-doudian-programming-dream,03-issue-units/issue-20260606-big-dream-first-step.md
issue-20260606-burnout-rest-or-restart,03-issue-units,,长期倦怠时，该休息还是重新出发,家庭影响和自我边界,"倦怠, 纽约, 自我比较, 职业选择, 作品感","content, service, connection",private,split,一对一咨询/20250829115713-转写_Lil _ Ling.txt,consult-20250829-lil-burnout-newyork-life-direction,03-issue-units/issue-20260606-burnout-rest-or-restart.md
issue-20260606-coding-bootcamp-judge,03-issue-units,,怎么判断编程培训班是否靠谱,文科转码,"培训班, bootcamp, 信息收集, 沉没成本","content, service",anonymized,split,问答咨询/202312.md,consult-202312-liberal-arts-python-bootcamp,03-issue-units/issue-20260606-coding-bootcamp-judge.md
issue-20260606-coding-interest-low-cost-test,03-issue-units,,不确定是否喜欢编程，怎么低成本验证,文科转码,"编程兴趣, CS50, 低成本试验, 转码","content, service",anonymized,split,问答咨询/一本法学专业大三想转码出国.md,consult-202312-law-to-cs-overseas-normalized,03-issue-units/issue-20260606-coding-interest-low-cost-test.md
issue-20260606-consultation-goal-clarity,03-issue-units,,咨询开始时，如何确认对方真正想要什么,早期职业迷茫,"咨询流程, 需求澄清, DBA, 学习心态",service,private,split,一对一咨询/2024年8月/2-刘智龙.md,consult-20240826-liuzhilong-dba-remote-grad,03-issue-units/issue-20260606-consultation-goal-clarity.md
issue-20260606-day1cpt-miu-compro-judge,03-issue-units,,Day 1 CPT、MIU/Compro 类项目应该怎么判断,出国读书和海外求职,"Day1CPT, MIU, Compro, 美国硕士, 签证","content, service, connection",anonymized,split,一对一咨询/2024年8月/1-王林银.md,consult-20240823-siji-japan-qa-day1cpt,03-issue-units/issue-20260606-day1cpt-miu-compro-judge.md
issue-20260606-degree-choice-controllable-vs-uncontrollable,03-issue-units,,选学校和学历路径时，如何区分可控和不可控,学历提升和考研,"香港, CS, 本科, 在线硕士, 学校选择","content, service",anonymized,split,问答咨询/港大学生小刘.md,consult-202312-hk-student-cs-degree-choice,03-issue-units/issue-20260606-degree-choice-controllable-vs-uncontrollable.md
issue-20260606-dream-self-worth-small-action,03-issue-units,,梦想和自我价值感纠缠时，如何从很小一步开始,家庭影响和自我边界,"内向, 影视, 剪辑, 自我价值, 创作","content, service",private,split,一对一咨询/2024年9月/5-王开昌.md,consult-20240907-wangkaichang-iqc-film-dream-introvert,03-issue-units/issue-20260606-dream-self-worth-small-action.md
issue-20260606-english-weak-overseas-tech-path,03-issue-units,,技术背景不错但英语弱，还适合走海外读书或求职吗,出国读书和海外求职,"英语, 技术背景, 美国硕士, 海外求职, 风险","content, service",anonymized,split,问答咨询/202306.md,consult-202306-seven-years-dev-us-miu-risk,03-issue-units/issue-20260606-english-weak-overseas-tech-path.md
issue-20260606-enter-programmer-community,03-issue-units,,没有程序员朋友，怎么进入技术社群,文科转码,"技术社群, 社交, 开发者大会, 信息源","content, connection",anonymized,split,问答咨询/202312.md,consult-202312-liberal-arts-python-bootcamp,03-issue-units/issue-20260606-enter-programmer-community.md
issue-20260606-family-not-understand-self-path,03-issue-units,,不被家人理解时，如何保护自己的探索,家庭影响和自我边界,"年轻女性, 自我怀疑, 创作, 家庭关系, 现金流","content, service, connection",private,split,一对一咨询/20250820122553-SIlver _ 孙玲.txt,consult-20250820-silver-self-belief-creator-path,03-issue-units/issue-20260606-family-not-understand-self-path.md
issue-20260606-finish-small-degree-goal,03-issue-units,,自考剩几科卡住时，如何用小目标推进学历,学历提升和考研,"自考, 学历, 学习方法, AI学习, 目标拆解","content, service, connection",private,split,一对一咨询/20260208130029-转写_黄泽明.txt,consult-20260208-huangzeming-self-study-degree-planning,03-issue-units/issue-20260606-finish-small-degree-goal.md
issue-20260606-gender-diversity-tech-misconception,03-issue-units,,女生进入科技行业是否有性别红利,文科转码,"女性处境, 科技行业, diversity, 面试, 转码",content,anonymized,split,问答咨询/一本法学专业大三想转码出国.md,consult-202312-law-to-cs-overseas-normalized,03-issue-units/issue-20260606-gender-diversity-tech-misconception.md
issue-20260606-grad-school-vs-work-family-opinion,03-issue-units,,考研还是工作，如何在家人意见中拿回决定权,学历提升和考研,"考研, 找工作, 家庭压力, 自我边界, 女性处境","content, service, connection",anonymized,split,问答咨询/202211.md,consult-202211-career-vs-grad-school-family-opinion,03-issue-units/issue-20260606-grad-school-vs-work-family-opinion.md
issue-20260606-input-without-action,03-issue-units,,输入很多但行动很少，怎么开始建立反馈,早期职业迷茫,"行动力, 编程, 英语, 社交, 低成本试验","content, service, connection",anonymized,split,一对一咨询/20250811122912-转写_赵高明 _ 孙玲.txt,consult-20250811-zhaogaoming-programming-english-action,03-issue-units/issue-20260606-input-without-action.md
issue-20260606-language-school-career-identity,03-issue-units,,语言学校能不能变成海外工作和身份路径,出国读书和海外求职,"语言学校, 爱尔兰, 日本, QA, 身份","content, service, connection",private,split,一对一咨询/20250923115513-转写_王林银 _ 孙玲.txt,consult-20250923-siji-japan-ireland-language-school,03-issue-units/issue-20260606-language-school-career-identity.md
issue-20260606-law-to-cs-overseas,03-issue-units,,法学大三想转码出国，是否可行,文科转码,"转码, 出国, 法学, 女性处境, 找工作","content, service",anonymized,split,问答咨询/一本法学专业大三想转码出国.md,,03-issue-units/issue-20260606-law-to-cs-overseas.md
issue-20260606-liberal-arts-cs-fit,03-issue-units,,文科或非典型学历背景，现在转编程还合适吗,文科转码,"文科转码, 非典型学历, 编程, 职业转型","content, service",anonymized,split,问答咨询/202312.md,consult-202312-liberal-arts-python-bootcamp,03-issue-units/issue-20260606-liberal-arts-cs-fit.md
issue-20260606-midcareer-grief-career-rebuild,03-issue-units,,亲人离世和职业断裂后，如何重新建立方向,早期职业迷茫,"大龄职业转型, 哀伤, 心理学, 职业重建, 意义感","content, service, connection",private,split,一对一咨询/20250918140527-孙玲的个人会议室.txt,consult-20250918-seven-midcareer-grief-career,03-issue-units/issue-20260606-midcareer-grief-career-rebuild.md
issue-20260606-new-role-prioritize-learning,03-issue-units,,刚进入新工作环境，英语、技术和转岗目标应该怎么排优先级,早期职业迷茫,"英语, QA, 测试开发, 职场成长, 学习计划","content, service, connection",private,split,一对一咨询/20250925120015-转写_龚保鸡丁.txt,consult-20250925-gongbaojiding-english-followup,03-issue-units/issue-20260606-new-role-prioritize-learning.md
issue-20260606-nontraditional-degree-overseas-cs,03-issue-units,,非全日制/自考/专科学历能不能申请海外 CS 相关项目,出国读书和海外求职,"非全日制学历, 自考, 专科, 美国硕士, CS","content, service",anonymized,split,一对一咨询/20260308125902-转写_Kerwin-转写智能优化版-1.txt,consult-20260308-kerwin-us-master-cloud-computing,03-issue-units/issue-20260606-nontraditional-degree-overseas-cs.md
issue-20260606-offer-choice-status-vs-growth,03-issue-units,,选 offer 时，体面稳定和成长空间怎么取舍,早期职业迷茫,"offer选择, 软件测试, 英语, 低学历, 职业成长","content, service, connection",private,split,一对一咨询/20250831205315-转写_Nsar-ns _ Ling.txt,consult-20250831-gongbaojiding-offer-choice,03-issue-units/issue-20260606-offer-choice-status-vs-growth.md
issue-20260606-official-policy-vs-alumni-experience,03-issue-units,,申请项目时，哪些问题必须直接问学校,出国读书和海外求职,"美国硕士, MIU, ESL, 学费, 官方信息",content,anonymized,split,问答咨询/202211.md,consult-202211-miu-java-esl-fees,03-issue-units/issue-20260606-official-policy-vs-alumni-experience.md
issue-20260606-overseas-not-fast-debt-solution,03-issue-units,,欠债或现金流紧张时，出国工作是不是快速翻身路径,出国读书和海外求职,"债务, 海外工作, Java, 财务风险, 签证","content, service",private,split,一对一咨询/20250922115717-转写_wx_123_888 _ ling.txt,consult-20250921-zhaoyan-debt-overseas-work,03-issue-units/issue-20260606-overseas-not-fast-debt-solution.md
issue-20260606-overseas-path-cost-language-degree,03-issue-units,,出国路径里，学历、钱、语言和申请应该怎么排序,出国读书和海外求职,"出国规划, 学历, 资金, 语言, 申请","content, service",private,split,问答咨询/202302.md,consult-202302-art-student-overseas-undergrad-plan,03-issue-units/issue-20260606-overseas-path-cost-language-degree.md
issue-20260606-personal-story-commercial-collaboration,03-issue-units,,有人想把我的个人故事放进商业项目时，如何判断边界,商业合作和项目邀约,"AI, 教育, 合作邀约, role_model, 个人品牌",service,private,split,一对一咨询/20250329210011-转写_杨帆.txt,consult-20250329-yangfan-ai-education-collaboration,03-issue-units/issue-20260606-personal-story-commercial-collaboration.md
issue-20260606-private-wechat-boundary,03-issue-units,,如何回应读者加私人微信的请求,私域沟通边界,"加微信, 边界, 私域, 咨询流程",content,anonymized,split,问答咨询/202211.md,consult-202211-wechat-boundary,03-issue-units/issue-20260606-private-wechat-boundary.md
issue-20260606-python-vs-java-beginner,03-issue-units,,初学编程时，Python 和 Java 应该怎么选,文科转码,"Python, Java, 编程入门, 学习计划",content,anonymized,split,问答咨询/202312.md,consult-202312-liberal-arts-python-bootcamp,03-issue-units/issue-20260606-python-vs-java-beginner.md
issue-20260606-selfstudy-exam-work-overseas-priority,03-issue-units,,自考生考研失败后，三战、工作和申请海外怎么排序,学历提升和考研,"自考, 考研, 计算机, 港澳新, 找工作","content, service",anonymized,split,问答咨询/202303.md,consult-202303-selfstudy-cs-gradschool-work,03-issue-units/issue-20260606-selfstudy-exam-work-overseas-priority.md
issue-20260606-small-city-women-work-or-study,03-issue-units,,小城市女生该先考研还是先去大城市工作,小城市女性职业起步,"小城市, 大城市, 找工作, 考研, 女性处境","content, service, connection",anonymized,split,问答咨询/202211.md,consult-202211-small-city-work-study,03-issue-units/issue-20260606-small-city-women-work-or-study.md
issue-20260606-stable-skill-next-stage,03-issue-units,,有稳定技能后，下一阶段如何打开市场和人脉,早期职业迷茫,"传统技能, 服装, 副业, 市场, 女性处境","content, service, connection",private,split,一对一咨询/2024年10月/12-深海鱼.md,consult-20241007-shenhaiyu-underwear-pattern-maker-growth,03-issue-units/issue-20260606-stable-skill-next-stage.md
issue-20260606-technical-student-job-definition,03-issue-units,,技术背景不弱但担心找不到好工作，怎么定义好工作,早期职业迷茫,"技术求职, GPU, 开源代码, 工作生活平衡, 找工作","content, service",anonymized,split,一对一咨询/2024年9月/6-K.md,consult-20240911-k-gpu-master-job-balance,03-issue-units/issue-20260606-technical-student-job-definition.md
issue-20260606-young-woman-leave-family-environment,03-issue-units,,年轻女生想学英语和计算机，背后可能是想离开原生环境,家庭影响和自我边界,"年轻女性, 英语, 计算机, 家庭创伤, 安全感","content, service, connection",private,split,一对一咨询/2024年9月/7-Alex.md,consult-20240914-alex-young-english-cs-family,03-issue-units/issue-20260606-young-woman-leave-family-environment.md
issue-20260610-online-cs-to-offline-opt-feasibility,03-issue-units,,在线硕士（Online Master）转线下（On-campus）的可行性与 OPT/签证规划,出国读书和海外求职,"在线硕士, 美国硕士, 转码, 签证, OPT","content, service",anonymized,split,02-normalized/consult-20260610-tonylu-civil-eng-us-cs-transition.md,consult-20260610-tonylu-civil-eng-us-cs-transition,03-issue-units/issue-20260610-online-cs-to-offline-opt-feasibility.md
issue-20260611-jump-job-vs-cash-cow,03-issue-units,,职业抉择：选择目标行业边缘的低薪杂活，还是选择高薪高自由度的保底工作？,早期职业迷茫,"职业转型, 找工作, 行动力, 自我怀疑","content, service",anonymized,split,02-normalized/consult-20260611-cornelia-robotics-ai-transition.md,consult-20260611-cornelia-robotics-ai-transition,03-issue-units/issue-20260611-jump-job-vs-cash-cow.md
issue-20260611-motivation-shift-pain-to-curiosity,03-issue-units,,当生活稳定、逃离感减弱时，如何从“痛苦驱动”转向“好奇与常态积累”？,家庭影响和自我边界,"行动力, 自我怀疑, 年轻女性, 倦怠","content, service, connection",anonymized,split,02-normalized/consult-20260611-cornelia-robotics-ai-transition.md,consult-20260611-cornelia-robotics-ai-transition,03-issue-units/issue-20260611-motivation-shift-pain-to-curiosity.md
issue-20260611-nontraditional-developer-niche-in-elite-field,03-issue-units,,普通人如何在精英挤满、门槛极高的前沿技术领域找到自己的位置？,文科转码,"转码, 机器人, AI, 非典型学历, 自我怀疑, 年轻女性","content, service, connection",anonymized,split,02-normalized/consult-20260611-cornelia-robotics-ai-transition.md,consult-20260611-cornelia-robotics-ai-transition,03-issue-units/issue-20260611-nontraditional-developer-niche-in-elite-field.md
topic-career-start-rebuild,04-topic-clusters,,职业起步和路径重建,早期职业迷茫,"早期职业迷茫, offer选择, 行动力, 职业重建, 英语, 副业, 年龄焦虑, 非典型路径","content, service, connection",anonymized,clustered,,,04-topic-clusters/topic-career-start-rebuild.md
topic-consulting-boundaries-collaboration,04-topic-clusters,,咨询流程和边界,私域沟通边界,"咨询流程, 私域边界, 合作邀约, 个人品牌, 角色边界","content, service",private,clustered,,,04-topic-clusters/topic-consulting-boundaries-collaboration.md
topic-degree-upgrade-stage-priority,04-topic-clusters,,学历提升和阶段排序,学历提升和考研,"学历提升, 考研, 自考, 找工作, 学校选择, 目标拆解","content, service, connection",anonymized,clustered,,,04-topic-clusters/topic-degree-upgrade-stage-priority.md
topic-family-boundary-self-choice,04-topic-clusters,,家庭影响和自我选择,家庭影响和自我边界,"家庭影响, 自我边界, 年轻女性, 倦怠, 创作, 自我怀疑, 生命力","content, service, connection",private,clustered,,,04-topic-clusters/topic-family-boundary-self-choice.md
topic-liberal-arts-nontraditional-cs-transition,04-topic-clusters,,文科/非典型学历转码,文科转码,"文科转码, 非典型学历, Python, Java, 培训班, 女性处境, 出国","content, service, connection",anonymized,clustered,,,04-topic-clusters/topic-liberal-arts-nontraditional-cs-transition.md
topic-overseas-study-work-path,04-topic-clusters,,出国读书和海外求职,出国读书和海外求职,"海外读书, 海外求职, 美国硕士, 英语, 签证, 非典型学历, 财务风险","content, service, connection",anonymized,clustered,,,04-topic-clusters/topic-overseas-study-work-path.md
topic-small-city-women-career,04-topic-clusters,,小城市女性职业起步,小城市女性职业起步,"小城市, 大城市, 找工作, 家庭压力, 女性处境","content, service, connection",anonymized,clustered,,,04-topic-clusters/topic-small-city-women-career.md
summary-20260611-cornelia,05-outputs,summary,给 Cornelia 的咨询后简单总结,早期职业迷茫,"职业转型, 行动力, 自我怀疑, 年轻女性, AI, 找工作",service,private,normalized,,consult-20260611-cornelia-robotics-ai-transition,05-outputs/client-summaries/summary-20260611-cornelia.md
connection-pool,05-outputs,output,连接池候选分组,,,,private,reusable,,,05-outputs/connection-pool.md
content-backlog,05-outputs,output,内容选题清单,,,,,reusable,,,05-outputs/content-backlog.md
service-offers,05-outputs,output,服务产品雏形,,,,,reusable,,,05-outputs/service-offers.md
visual-system,05-outputs,output,视觉系统：我常被问到的 100 个问题,,,,,reusable,,,05-outputs/visual-system.md
article-20260606-liberal-arts-cs-fit,06-article-drafts,article_draft,AI 时代，文科或非技术背景的人还需要学编程吗？,文科转码,"文科转码, 非典型学历, 编程, AI, 职业转型",content,private,draft,,,06-article-drafts/article-20260606-liberal-arts-cs-fit.md
